{"single": 527804.4974643562, "ten": 326298.8889682405, "batch100": 527804.4974643562, "recovery": 0.5149729251861572}